Код посетителя,Фамилия,Имя,Отчество,Дата рождения,Email
45462526,Фролов,Андрей,Иванович,2001-07-14,gohufreilagrau-3818@yopmail.com
45462527,Николаев,Даниил,Всеволодович,2001-02-10,xawugosune-1385@yopmail.com
45462528,Снегирев,Макар,Иванович,1998-05-21,satrahuddusei-4458@yopmail.com
45462529,Иванов,Иван,Ильич,1998-10-01,boippaxeufrepra-7093@yopmail.com
45462530,Филиппова,Анна,Глебовна,1976-05-31,zapramaxesu-7741@yopmail.com
45462531,Иванов,Михаил,Владимирович,1985-11-04,rouzecroummegre-3899@yopmail.com
45462532,Власов,Дмитрий,Александрович,1998-08-17,ziyeuddocrabri-4748@yopmail.com
45462533,Серова,Екатерина,Львовна,1984-10-24,ketameissoinnei-1951@yopmail.com
45462534,Борисова,Ирина,Ивановна,1976-10-14,yipraubaponou-5849@yopmail.com
45462535,Зайцев,Никита,Артёмович,1999-10-14,crapedocouca-3572@yopmail.com
45462536,Медведев,Святослав,Евгеньевич,1985-07-13,ceigoixakaunni-9227@yopmail.com
45462537,Коротков,Кирилл,Алексеевич,1976-05-26,yeimmeiwauzomo-7054@yopmail.com
45462538,Калашникова,Арина,Максимовна,1999-08-13,poleifenevi-1560@yopmail.com
45462539,Минина,Таисия,Кирилловна,1985-10-13,kauprezofautei-6607@yopmail.com
45462540,Наумов,Серафим,Романович,1999-04-15,quaffaullelourei-1667@yopmail.com
45462541,Воробьева,Василиса,Евгеньевна,1999-01-13,jsteele@rojas-robinson.net
45462542,Калинин,Александр,Андреевич,1999-01-07,vhopkins@lewis-mullen.com
45462543,Кузнецова,Милана,Владиславовна,1999-01-24,nlewis@yahoo.com
45462544,Фирсов,Егор,Романович,1993-09-02,garciadavid@mckinney-mcbride.com
45462545,Зимина,Агния,Александровна,1998-09-03,cbradley@castro.com
45462546,Титов,Андрей,Глебович,1985-10-23,cuevascatherine@carlson.biz
45462547,Орлов,Николай,Егорович,1985-07-27,thomasmoore@wilson-singh.net
45462548,Кузнецова,Аиша,Михайловна,1998-10-04,jessica84@hotmail.com
45462549,Куликов,Никита,Георгиевич,1999-04-23,jessicapark@hotmail.com
45462550,Карпова,София,Егоровна,1993-10-01,ginaritter@schneider-buchanan.com
45462551,Смирнова,Дарья,Макаровна,1976-03-22,stephen99@yahoo.com
45462552,Абрамова,Александра,Мироновна,1999-03-26,lopezlisa@hotmail.com
45462553,Наумов,Руслан,Михайлович,1999-10-11,lori17@hotmail.com
45462554,Бочаров,Никита,Матвеевич,1997-06-29,campbellkevin@gardner.com
45462555,Соловьев,Давид,Ильич,1984-03-06,morganhoward@clark.com
45462556,Васильева,Валерия,Дмитриевна,1999-09-30,carsontamara@gmail.com
45462557,Макарова,Василиса,Андреевна,1999-04-08,kevinpatel@gmail.com
45462558,Алексеев,Матвей,Викторович,1998-08-02,sethbishop@yahoo.com
45462559,Никитина,Полина,Александровна,1976-09-19,drollins@schultz-soto.net
45462560,Окулова,Олеся,Алексеевна,1999-04-03,pblack@copeland-winters.org
45462561,Захарова,Полина,Яновна,1976-04-21,johnathon.oberbrunner@yahoo.com
45462562,Зайцев,Владимир,Давидович,1998-01-26,bradly29@gmail.com
45462563,Иванов,Виталий,Даниилович,1976-08-11,stark.cristina@hilpert.biz
45462564,Захаров,Матвей,Романович,1993-07-12,bruen.eleanore@yahoo.com
45462565,Иванов,Степан,Степанович,1998-09-19,percival.halvorson@yahoo.com
45462566,Ткачева,Милана,Тимуровна,1998-05-24,javonte71@kuhlman.biz
45462567,Семенов,Даниил,Иванович,1976-01-04,vconnelly@kautzer.com
45462568,Виноградов,Вячеслав,Дмитриевич,1976-07-12,anabelle07@schultz.info
45462569,Соболева,Николь,Фёдоровна,1976-05-02,nitzsche.katlynn@yahoo.com
45462570,Тихонова,Анна,Львовна,1985-03-23,corine16@von.com
45462571,Кузнецова,Ульяна,Савельевна,1999-06-03,otha.wisozk@lubowitz.org
45462572,Смирнова,Анна,Германовна,1997-07-18,may.kirlin@hotmail.com
45462573,Черепанова,Анна,Давидовна,1985-11-06,bryana.kautzer@yahoo.com
45462574,Григорьев,Максим,Кириллович,1999-05-26,deborah.christiansen@quigley.biz
45462575,Голубев,Даниэль,Александрович,1999-06-14,connelly.makayla@yahoo.com
45462576,Миронов,Юрий,Денисович,1985-01-26,tatum.collins@fay.org
45462577,Терехов,Михаил,Андреевич,1976-07-06,itzel73@anderson.com
45462578,Орлова,Алиса,Михайловна,1997-02-24,arjun39@hotmail.com
45462579,Кулаков,Константин,Даниилович,1993-06-20,ohara.rebeka@yahoo.com
45462580,Кудрявцев,Максим,Романович,1998-05-10,danika58@rath.com
45462581,Соболева,Кира,Фёдоровна,1998-03-14,janae.bogan@gmail.com
45462582,Коновалов,Арсений,Максимович,1985-02-18,vern91@yahoo.com
45462583,Гусев,Михаил,Дмитриевич,1999-11-23,mariana.leannon@larkin.net
45462584,Суханова,Варвара,Матвеевна,1993-09-13,vmoore@gmail.com
45462585,Орлова,Ясмина,Васильевна,1984-06-24,damon.mcclure@mills.com
45462586,Васильева,Ксения,Константиновна,1999-08-01,grady.reilly@block.com
45462587,Борисова,Тамара,Данииловна,1993-05-29,boyd.koss@yahoo.com
45462588,Дмитриев,Мирон,Ильич,1985-04-13,obartell@franecki.info
45462589,Лебедева,Анна,Александровна,1985-03-30,reina75@ferry.net
45462590,Пономарев,Артём,Маркович,1984-06-02,karson28@hotmail.com
45462591,Борисова,Елена,Михайловна,1976-05-23,damaris61@okon.com
45462592,Моисеев,Камиль,Максимович,1999-06-17,carroll.jerod@hotmail.com
45462593,Герасимова,Дарья,Константиновна,1984-10-13,ron.treutel@quitzon.com
45462594,Михайлова,Мария,Марковна,1976-12-02,olen79@yahoo.com
45462595,Коршунов,Кирилл,Максимович,1985-05-22,pacocha.robbie@yahoo.com
,,,,,
,,,,,
,,,,,
